constituency,candidate,party,"Total Votes"
"GUMMIDIPOONDI - 1",T.J.GOVINDARAJAN,"Dravida Munnetra Kazhagam",62492
"GUMMIDIPOONDI - 1",SUDHAKAR.V,"All India Anna Dravida Munnetra Kazhagam",66375
"GUMMIDIPOONDI - 1",M.JAGADEESAN,"Bahujan Samaj Party",697
"GUMMIDIPOONDI - 1","R.SRIDAR. B.L.,","Naam Tamilar Katchi",4756
"GUMMIDIPOONDI - 1","SDK SANKAR","Aanaithinthiya Jananayaka Pathukappu Kazhagam",599
"GUMMIDIPOONDI - 1","K. CHANDRA SEKAR","Veerath Thiyagi Viswanathadoss Thozhilalarkal Katchi",336
"GUMMIDIPOONDI - 1",S.VIJAYAKUMAR,"Tamilaga Vettri Kazhagam",94320
"GUMMIDIPOONDI - 1",M.KUMARAN,Independent,260
"GUMMIDIPOONDI - 1",GOPAL.K,Independent,177
"GUMMIDIPOONDI - 1",T.GOVINDAN,Independent,206
"GUMMIDIPOONDI - 1","A.H. SIVA GANESH",Independent,104
"GUMMIDIPOONDI - 1",D.SUDHAKAR,Independent,321
"GUMMIDIPOONDI - 1",V.SUDHAKAR,Independent,217
"GUMMIDIPOONDI - 1",D.DINESH,Independent,222
"GUMMIDIPOONDI - 1","G.RANJITH B.SC.L.L.B",Independent,503
"GUMMIDIPOONDI - 1",NOTA,"None of the Above",937
"PONNERI - 2","DURAI CHANDRASEKAR","Indian National Congress",54671
"PONNERI - 2",SANTHOSHKUMAR.J,"Bahujan Samaj Party",615
"PONNERI - 2",BALARAMAN.P,"All India Anna Dravida Munnetra Kazhagam",51468
"PONNERI - 2",RAJATHI.M,"Naam Tamilar Katchi",6676
"PONNERI - 2","ASHOK PRIYADARSHAN","Desiya Makkal Sakthi Katchi",366
"PONNERI - 2",RAJA.S,"Vanchit Bahujan Aaghadi",299
"PONNERI - 2","KOTTEESWARAN. K","Tamizhaga Vaazhvurimai Katchi",166
"PONNERI - 2",MALATHI.S,"Tamizhaga Murpokku Makkal Katchi",371
"PONNERI - 2",DR.RAVI.M.S,"Tamilaga Vettri Kazhagam",110439
"PONNERI - 2",NAGAIYAN.G,Independent,232
"PONNERI - 2",BARATHIRAJA.K,Independent,159
"PONNERI - 2",RAJASEKAR.J,Independent,289
"PONNERI - 2",VENKATESAN.S,Independent,203
"PONNERI - 2",NOTA,"None of the Above",865
"TIRUTTANI - 3",G.HARI,"All India Anna Dravida Munnetra Kazhagam",89169
"TIRUTTANI - 3",D.KRISHNAMURTHY,"Desiya Murpokku Dravida Kazhagam",54863
"TIRUTTANI - 3","CHANDRAN .S.S","Naam Tamilar Katchi",6704
"TIRUTTANI - 3",MUTHURAJ.G,"Bahujan Samaj Party",470
"TIRUTTANI - 3","M.SATHYA KUMAR","Tamilaga Vettri Kazhagam",83376
"TIRUTTANI - 3",BALAJI.A,"Thakkam Katchi",272
"TIRUTTANI - 3",PAVENDHAN.Y.R,"Tamizhaga Vaazhvurimai Katchi",132
"TIRUTTANI - 3",KRISHNAMOORTHY.K,Independent,210
"TIRUTTANI - 3",KRISHNAMOORTHY.D,Independent,467
"TIRUTTANI - 3",KRISHNAMOORTHY.M,Independent,946
"TIRUTTANI - 3",SHETTU.S,Independent,153
"TIRUTTANI - 3",DR.A.V.NARENDRAN,Independent,198
"TIRUTTANI - 3",JAMBU.B,Independent,628
"TIRUTTANI - 3",NOTA,"None of the Above",1210
"THIRUVALLUR - 4","V.G. RAAJENDRAN","Dravida Munnetra Kazhagam",67430
"THIRUVALLUR - 4","K. SENTHILKUMAR","Naam Tamilar Katchi",5513
"THIRUVALLUR - 4","BE VEE RAMANAH","All India Anna Dravida Munnetra Kazhagam",56562
"THIRUVALLUR - 4","B. RAJESH KUMAR","Bahujan Samaj Party",674
"THIRUVALLUR - 4","DR. T. ARUNKUMAR","Tamilaga Vettri Kazhagam",92190
"THIRUVALLUR - 4","E. MANI","Republican Party of India (Athawale)",653
"THIRUVALLUR - 4","E. RAJARATHINAM","Tamizhaga Vaazhvurimai Katchi",134
"THIRUVALLUR - 4","N. VENKATESAN","Aanaithinthiya Jananayaka Pathukappu Kazhagam",354
"THIRUVALLUR - 4",E.KOTHANDAN,Independent,203
"THIRUVALLUR - 4","N. NAGENDRABABU",Independent,184
"THIRUVALLUR - 4","N. BALAKRISHNAN",Independent,186
"THIRUVALLUR - 4","R. RAMANAN",Independent,118
"THIRUVALLUR - 4","G. RAJENDIRAN",Independent,227
"THIRUVALLUR - 4","S. RAJENDRAN",Independent,868
"THIRUVALLUR - 4",NOTA,"None of the Above",1132
"POONAMALLEE - 5",KRISHNASWAMY.A,"Dravida Munnetra Kazhagam",88569
"POONAMALLEE - 5",MEKALA.J,"Naam Tamilar Katchi",11697
"POONAMALLEE - 5",RAJASEKARAN.K,"Bahujan Samaj Party",860
"POONAMALLEE - 5",ELUMALAI.T.A,"Amma Makkal Munnettra Kazagam",43280
"POONAMALLEE - 5",PRAKASAM.R,"Tamilaga Vettri Kazhagam",161309
"POONAMALLEE - 5",SIVAKUMAR.S,Independent,297
"POONAMALLEE - 5",DHASARATHAN.R,Independent,133
"POONAMALLEE - 5",PURUSHOTHAMAN.B,Independent,255
"POONAMALLEE - 5",RAVIKUMAR.M,Independent,355
"POONAMALLEE - 5",VELU.S,Independent,264
"POONAMALLEE - 5",DR.JAYANTHI.R,Independent,304
"POONAMALLEE - 5",NOTA,"None of the Above",1571
"AVADI - 6","S. CHARLES","Bahujan Samaj Party",761
"AVADI - 6",S.M.NASAR,"Dravida Munnetra Kazhagam",104073
"AVADI - 6","PUNITHA SHANMUGAM","Naam Tamilar Katchi",16335
"AVADI - 6","RAJASIMHA MAHENDRA","Bharatiya Janata Party",39605
"AVADI - 6","R.Edmund Jayendren","Tamizhaga Vaazhvurimai Katchi",478
"AVADI - 6","C.S. Karnan","Anti Corruption Dynamic Party",224
"AVADI - 6","SENTHILKUMAR. S","Anna Puratchi Thalaivar Amma Dravida Munnetra Kazhagam",156
"AVADI - 6","R. BAKTHAVATCHALAM","All India Puratchi Thalaivar Makkal Munnettra Kazhagam",627
"AVADI - 6","R.RAMESH KUMAR","Tamilaga Vettri Kazhagam",180384
"AVADI - 6",P.JAYAKUMAR,"Samaniya Makkal Nala Katchi",177
"AVADI - 6","K. ANNAMALAI",Independent,77
"AVADI - 6","G.D. ARUNKUMAR",Independent,205
"AVADI - 6","M. ERAJASIMMAN",Independent,105
"AVADI - 6","R. KUMAR",Independent,308
"AVADI - 6","S. SENTHILKUMAR",Independent,167
"AVADI - 6","P. CHELLAPANDIAN",Independent,255
"AVADI - 6","K. BALAKRISHNAN",Independent,141
"AVADI - 6","R. MANIKANDAN",Independent,195
"AVADI - 6","UNIESH RAJ. M",Independent,94
"AVADI - 6","RAJASEKAR. R",Independent,105
"AVADI - 6",NOTA,"None of the Above",1533
"MADURAVOYAL - 7","GANAPATHY. K","Dravida Munnetra Kazhagam",80216
"MADURAVOYAL - 7","P. BENJAMIN","All India Anna Dravida Munnetra Kazhagam",54705
"MADURAVOYAL - 7","REVATHI L","Naam Tamilar Katchi",13024
"MADURAVOYAL - 7","AGNI SELVARAJU. J","Naadaalum Makkal Katchi",266
"MADURAVOYAL - 7","MUTHURAMAN. S","Anna MGR Dravida Makkal Kalgam",71
"MADURAVOYAL - 7","MURALI. S","Naam Indiar Party",300
"MADURAVOYAL - 7","RHEVANTH CHARAN","Tamilaga Vettri Kazhagam",141725
"MADURAVOYAL - 7","K. VENKATESAN","Veerath Thiyagi Viswanathadoss Thozhilalarkal Katchi",171
"MADURAVOYAL - 7","J. VENKATESAN","All India Puratchi Thalaivar Makkal Munnettra Kazhagam",233
"MADURAVOYAL - 7","D. ANANDAN",Independent,67
"MADURAVOYAL - 7","K. GANAPATHY",Independent,99
"MADURAVOYAL - 7","V. KAMALA KANNAN",Independent,119
"MADURAVOYAL - 7","SARAVANAN KUMAR",Independent,78
"MADURAVOYAL - 7","R. SIVA",Independent,322
"MADURAVOYAL - 7","M. BALASUBRAMANIAN",Independent,67
"MADURAVOYAL - 7","S. BENJAMIN MOSES",Independent,207
"MADURAVOYAL - 7","PONMUTHU RAMESH",Independent,202
"GUMMIDIPOONDI - 1",T.J.GOVINDARAJAN,"Dravida Munnetra Kazhagam",62492
"GUMMIDIPOONDI - 1",SUDHAKAR.V,"All India Anna Dravida Munnetra Kazhagam",66375
"GUMMIDIPOONDI - 1",M.JAGADEESAN,"Bahujan Samaj Party",697
"GUMMIDIPOONDI - 1","R.SRIDAR. B.L.,","Naam Tamilar Katchi",4756
"GUMMIDIPOONDI - 1","SDK SANKAR","Aanaithinthiya Jananayaka Pathukappu Kazhagam",599
"GUMMIDIPOONDI - 1","K. CHANDRA SEKAR","Veerath Thiyagi Viswanathadoss Thozhilalarkal Katchi",336
"GUMMIDIPOONDI - 1",S.VIJAYAKUMAR,"Tamilaga Vettri Kazhagam",94320
"GUMMIDIPOONDI - 1",M.KUMARAN,Independent,260
"GUMMIDIPOONDI - 1",GOPAL.K,Independent,177
"GUMMIDIPOONDI - 1",T.GOVINDAN,Independent,206
"GUMMIDIPOONDI - 1","A.H. SIVA GANESH",Independent,104
"GUMMIDIPOONDI - 1",D.SUDHAKAR,Independent,321
"GUMMIDIPOONDI - 1",V.SUDHAKAR,Independent,217
"GUMMIDIPOONDI - 1",D.DINESH,Independent,222
"GUMMIDIPOONDI - 1","G.RANJITH B.SC.L.L.B",Independent,503
"GUMMIDIPOONDI - 1",NOTA,"None of the Above",937
"PONNERI - 2","DURAI CHANDRASEKAR","Indian National Congress",54671
"PONNERI - 2",SANTHOSHKUMAR.J,"Bahujan Samaj Party",615
"PONNERI - 2",BALARAMAN.P,"All India Anna Dravida Munnetra Kazhagam",51468
"PONNERI - 2",RAJATHI.M,"Naam Tamilar Katchi",6676
"PONNERI - 2","ASHOK PRIYADARSHAN","Desiya Makkal Sakthi Katchi",366
"PONNERI - 2",RAJA.S,"Vanchit Bahujan Aaghadi",299
"PONNERI - 2","KOTTEESWARAN. K","Tamizhaga Vaazhvurimai Katchi",166
"PONNERI - 2",MALATHI.S,"Tamizhaga Murpokku Makkal Katchi",371
"PONNERI - 2",DR.RAVI.M.S,"Tamilaga Vettri Kazhagam",110439
"PONNERI - 2",NAGAIYAN.G,Independent,232
"PONNERI - 2",BARATHIRAJA.K,Independent,159
"PONNERI - 2",RAJASEKAR.J,Independent,289
"PONNERI - 2",VENKATESAN.S,Independent,203
"PONNERI - 2",NOTA,"None of the Above",865
"TIRUTTANI - 3",G.HARI,"All India Anna Dravida Munnetra Kazhagam",89169
"TIRUTTANI - 3",D.KRISHNAMURTHY,"Desiya Murpokku Dravida Kazhagam",54863
"TIRUTTANI - 3","CHANDRAN .S.S","Naam Tamilar Katchi",6704
"TIRUTTANI - 3",MUTHURAJ.G,"Bahujan Samaj Party",470
"TIRUTTANI - 3","M.SATHYA KUMAR","Tamilaga Vettri Kazhagam",83376
"TIRUTTANI - 3",BALAJI.A,"Thakkam Katchi",272
"TIRUTTANI - 3",PAVENDHAN.Y.R,"Tamizhaga Vaazhvurimai Katchi",132
"TIRUTTANI - 3",KRISHNAMOORTHY.K,Independent,210
"TIRUTTANI - 3",KRISHNAMOORTHY.D,Independent,467
"TIRUTTANI - 3",KRISHNAMOORTHY.M,Independent,946
"TIRUTTANI - 3",SHETTU.S,Independent,153
"TIRUTTANI - 3",DR.A.V.NARENDRAN,Independent,198
"TIRUTTANI - 3",JAMBU.B,Independent,628
"TIRUTTANI - 3",NOTA,"None of the Above",1210
"THIRUVALLUR - 4","V.G. RAAJENDRAN","Dravida Munnetra Kazhagam",67430
"THIRUVALLUR - 4","K. SENTHILKUMAR","Naam Tamilar Katchi",5513
"THIRUVALLUR - 4","BE VEE RAMANAH","All India Anna Dravida Munnetra Kazhagam",56562
"THIRUVALLUR - 4","B. RAJESH KUMAR","Bahujan Samaj Party",674
"THIRUVALLUR - 4","DR. T. ARUNKUMAR","Tamilaga Vettri Kazhagam",92190
"THIRUVALLUR - 4","E. MANI","Republican Party of India (Athawale)",653
"THIRUVALLUR - 4","E. RAJARATHINAM","Tamizhaga Vaazhvurimai Katchi",134
"THIRUVALLUR - 4","N. VENKATESAN","Aanaithinthiya Jananayaka Pathukappu Kazhagam",354
"THIRUVALLUR - 4",E.KOTHANDAN,Independent,203
"THIRUVALLUR - 4","N. NAGENDRABABU",Independent,184
"THIRUVALLUR - 4","N. BALAKRISHNAN",Independent,186
"THIRUVALLUR - 4","R. RAMANAN",Independent,118
"THIRUVALLUR - 4","G. RAJENDIRAN",Independent,227
"THIRUVALLUR - 4","S. RAJENDRAN",Independent,868
"THIRUVALLUR - 4",NOTA,"None of the Above",1132
"POONAMALLEE - 5",KRISHNASWAMY.A,"Dravida Munnetra Kazhagam",88569
"POONAMALLEE - 5",MEKALA.J,"Naam Tamilar Katchi",11697
"POONAMALLEE - 5",RAJASEKARAN.K,"Bahujan Samaj Party",860
"POONAMALLEE - 5",ELUMALAI.T.A,"Amma Makkal Munnettra Kazagam",43280
"POONAMALLEE - 5",PRAKASAM.R,"Tamilaga Vettri Kazhagam",161309
"POONAMALLEE - 5",SIVAKUMAR.S,Independent,297
"POONAMALLEE - 5",DHASARATHAN.R,Independent,133
"POONAMALLEE - 5",PURUSHOTHAMAN.B,Independent,255
"POONAMALLEE - 5",RAVIKUMAR.M,Independent,355
"POONAMALLEE - 5",VELU.S,Independent,264
"POONAMALLEE - 5",DR.JAYANTHI.R,Independent,304
"POONAMALLEE - 5",NOTA,"None of the Above",1571
"AVADI - 6","S. CHARLES","Bahujan Samaj Party",761
"AVADI - 6",S.M.NASAR,"Dravida Munnetra Kazhagam",104073
"AVADI - 6","PUNITHA SHANMUGAM","Naam Tamilar Katchi",16335
"AVADI - 6","RAJASIMHA MAHENDRA","Bharatiya Janata Party",39605
"AVADI - 6","R.Edmund Jayendren","Tamizhaga Vaazhvurimai Katchi",478
"AVADI - 6","C.S. Karnan","Anti Corruption Dynamic Party",224
"AVADI - 6","SENTHILKUMAR. S","Anna Puratchi Thalaivar Amma Dravida Munnetra Kazhagam",156
"AVADI - 6","R. BAKTHAVATCHALAM","All India Puratchi Thalaivar Makkal Munnettra Kazhagam",627
"AVADI - 6","R.RAMESH KUMAR","Tamilaga Vettri Kazhagam",180384
"AVADI - 6",P.JAYAKUMAR,"Samaniya Makkal Nala Katchi",177
"AVADI - 6","K. ANNAMALAI",Independent,77
"AVADI - 6","G.D. ARUNKUMAR",Independent,205
"AVADI - 6","M. ERAJASIMMAN",Independent,105
"AVADI - 6","R. KUMAR",Independent,308
"AVADI - 6","S. SENTHILKUMAR",Independent,167
"AVADI - 6","P. CHELLAPANDIAN",Independent,255
"AVADI - 6","K. BALAKRISHNAN",Independent,141
"AVADI - 6","R. MANIKANDAN",Independent,195
"AVADI - 6","UNIESH RAJ. M",Independent,94
"AVADI - 6","RAJASEKAR. R",Independent,105
"AVADI - 6",NOTA,"None of the Above",1533
"MADURAVOYAL - 7","GANAPATHY. K","Dravida Munnetra Kazhagam",80216
"MADURAVOYAL - 7","P. BENJAMIN","All India Anna Dravida Munnetra Kazhagam",54705
"MADURAVOYAL - 7","REVATHI L","Naam Tamilar Katchi",13024
"MADURAVOYAL - 7","AGNI SELVARAJU. J","Naadaalum Makkal Katchi",266
"MADURAVOYAL - 7","MUTHURAMAN. S","Anna MGR Dravida Makkal Kalgam",71
"MADURAVOYAL - 7","MURALI. S","Naam Indiar Party",300
"MADURAVOYAL - 7","RHEVANTH CHARAN","Tamilaga Vettri Kazhagam",141725
"MADURAVOYAL - 7","K. VENKATESAN","Veerath Thiyagi Viswanathadoss Thozhilalarkal Katchi",171
"MADURAVOYAL - 7","J. VENKATESAN","All India Puratchi Thalaivar Makkal Munnettra Kazhagam",233
"MADURAVOYAL - 7","D. ANANDAN",Independent,67
"MADURAVOYAL - 7","K. GANAPATHY",Independent,99
"MADURAVOYAL - 7","V. KAMALA KANNAN",Independent,119
"MADURAVOYAL - 7","SARAVANAN KUMAR",Independent,78
"MADURAVOYAL - 7","R. SIVA",Independent,322
"MADURAVOYAL - 7","M. BALASUBRAMANIAN",Independent,67
"MADURAVOYAL - 7","S. BENJAMIN MOSES",Independent,207
"MADURAVOYAL - 7","PONMUTHU RAMESH",Independent,202
"MADURAVOYAL - 7","N.A. MANI",Independent,157
"MADURAVOYAL - 7","R. YUVARAJ",Independent,84
"MADURAVOYAL - 7","VIGNESH NANDAGOPAL",Independent,83
"MADURAVOYAL - 7","M. JAMES",Independent,34
"MADURAVOYAL - 7",NOTA,"None of the Above",1462
"AMBATTUR - 8",SILAMBARASAN,"Naam Tamilar Katchi",11088
"AMBATTUR - 8","DR. J.SAILAS","Bahujan Samaj Party",443
"AMBATTUR - 8","DR A.P. POORNIMA","Dravida Munnetra Kazhagam",74558
"AMBATTUR - 8",A.KALYANASUNDARAM,"Nationalist Janshakti Party",588
"AMBATTUR - 8","K.N. SEKAR","Pattali Makkal Katchi",35997
"AMBATTUR - 8",BALAMURUGAN.G,"Tamilaga Vettri Kazhagam",133339
"AMBATTUR - 8","V. RAMKUMAR","India Suyarajya Party",224
"AMBATTUR - 8",RAJKUMAR,"Tamizhaga Vaazhvurimai Katchi",127
"AMBATTUR - 8","D. JEYAGANESH","Naam Indiar Party",67
"AMBATTUR - 8","M.S. ARUMUGAM",Independent,135
"AMBATTUR - 8","P. ARUMUGAM",Independent,77
"AMBATTUR - 8","G. SAMPATH",Independent,72
"AMBATTUR - 8","K. SEKAR",Independent,127
"AMBATTUR - 8","G.P. SEKAR",Independent,103
"AMBATTUR - 8",PALANI,Independent,103
"AMBATTUR - 8",R.BALAMURUGAN,Independent,493
"AMBATTUR - 8","DR. S.PRAVEEN",Independent,308
"AMBATTUR - 8","D. PUSHPA",Independent,68
"AMBATTUR - 8","S. MADHAVAN",Independent,179
"AMBATTUR - 8","D.K.MESHACK KIRUBAKARAN",Independent,102
"AMBATTUR - 8",VINAYAGAMOORTHY.R,Independent,83
"AMBATTUR - 8","S. JANARTHANAN",Independent,126
"AMBATTUR - 8",JOTHI.M,Independent,89
"AMBATTUR - 8",NOTA,"None of the Above",1490
"MADAVARAM - 9",E.KRITHIKA,"Naam Tamilar Katchi",12637
"MADAVARAM - 9",S.SUDHARSANAM,"Dravida Munnetra Kazhagam",95477
"MADAVARAM - 9","MADHAVARAM V.MOORTHY","All India Anna Dravida Munnetra Kazhagam",59290
"MADAVARAM - 9",N.JANAKIRAMAN,"Bahujan Samaj Party",537
"MADAVARAM - 9",R.KARTHIKEYAN,"Tamizhaga Vaazhvurimai Katchi",232
"MADAVARAM - 9",I.RAFFIK,"Naadaalum Makkal Katchi",676
"MADAVARAM - 9",M.L.VIJAYPRABHU,"Tamilaga Vettri Kazhagam",190462
"MADAVARAM - 9",S.SIVAKUMAR,Independent,198
"MADAVARAM - 9",SUDARSANAM,Independent,157
"MADAVARAM - 9",A.NAGARAJAN,Independent,177
"MADAVARAM - 9",R.S.BALAJI,Independent,99
"MADAVARAM - 9",G.PRABU,Independent,191
"MADAVARAM - 9",A.PONNALAGAN,Independent,129
"MADAVARAM - 9",C.MOORTHY,Independent,154
"MADAVARAM - 9",V.MURTHY,Independent,188
"MADAVARAM - 9",NOTA,"None of the Above",1394
"THIRUVOTTIYUR - 10","KUPPAN. K","All India Anna Dravida Munnetra Kazhagam",28320
"THIRUVOTTIYUR - 10","SATHYA. B","Naam Tamilar Katchi",8413
"THIRUVOTTIYUR - 10","SUNDARARAJ. L","Communist Party of India (Marxist)",56503
"THIRUVOTTIYUR - 10","MAHENDRA KUMAR. D","Bahujan Samaj Party",458
"THIRUVOTTIYUR - 10","SASIREKHA. M","Veerath Thiyagi Viswanathadoss Thozhilalarkal Katchi",271
"THIRUVOTTIYUR - 10","SENTHIL KUMAR. N","Tamilaga Vettri Kazhagam",110067
"THIRUVOTTIYUR - 10","DILLI KUMAR. R","Democratic National Allegiance",198
"THIRUVOTTIYUR - 10","VENKATARAMANAN. J","Tamizhaga Vaazhvurimai Katchi",149
"THIRUVOTTIYUR - 10","ARAVIND. R",Independent,77
"THIRUVOTTIYUR - 10","GOPI. K",Independent,117
"THIRUVOTTIYUR - 10","THANIKASALAM. B",Independent,139
"THIRUVOTTIYUR - 10",BALARUBAN,Independent,307
"THIRUVOTTIYUR - 10","MICHAELRAJ. M. A",Independent,838
"THIRUVOTTIYUR - 10","VIJAY. A",Independent,316
"THIRUVOTTIYUR - 10",JANAGARAJ,Independent,110
"THIRUVOTTIYUR - 10",NOTA,"None of the Above",805
"DR.RADHAKRISHNAN NAGAR - 11",R.S.RAAJESH,"All India Anna Dravida Munnetra Kazhagam",26892
"DR.RADHAKRISHNAN NAGAR - 11",VENNILA.T,"Naam Tamilar Katchi",5364
"DR.RADHAKRISHNAN NAGAR - 11","J. JOHN EBENEZER","Dravida Munnetra Kazhagam",48132
"DR.RADHAKRISHNAN NAGAR - 11","E. RAAMADASAN","Makkal Nalvaazhvuk Katchi",236
"DR.RADHAKRISHNAN NAGAR - 11",D.KARTHIKEYAN,"Samata Party",44
"DR.RADHAKRISHNAN NAGAR - 11",CHANDRASEKAR,"Tamizhaga Murpokku Makkal Katchi",47
"DR.RADHAKRISHNAN NAGAR - 11",B.NAVIN,"Tamizhaga Vaazhvurimai Katchi",338
"DR.RADHAKRISHNAN NAGAR - 11","N. MARIE WILSON","Tamilaga Vettri Kazhagam",97800
"DR.RADHAKRISHNAN NAGAR - 11",A.MOHANRAJ,"Socialist Unity Centre Of India (COMMUNIST)",179
"DR.RADHAKRISHNAN NAGAR - 11",AMUDHA.N,Independent,30
"DR.RADHAKRISHNAN NAGAR - 11","D. AJITH KUMAR",Independent,32
"DR.RADHAKRISHNAN NAGAR - 11",S.EMMANUVEL,Independent,24
"DR.RADHAKRISHNAN NAGAR - 11","A. USHA",Independent,41
"DR.RADHAKRISHNAN NAGAR - 11",R.ETHIRAJ,Independent,44
"DR.RADHAKRISHNAN NAGAR - 11",V.SHANKAR,Independent,40
"DR.RADHAKRISHNAN NAGAR - 11","M. SATHISH",Independent,112
"DR.RADHAKRISHNAN NAGAR - 11",J.SARAVANAKUMAR,Independent,149
"DR.RADHAKRISHNAN NAGAR - 11",L.SARAVANAN,Independent,54
"DR.RADHAKRISHNAN NAGAR - 11",V.SUDHAKAR,Independent,86
"DR.RADHAKRISHNAN NAGAR - 11","K. SUJITH",Independent,25
"DR.RADHAKRISHNAN NAGAR - 11",R.TAMILARASAN,Independent,36
"DR.RADHAKRISHNAN NAGAR - 11",TAMILSELVAN,Independent,25
"DR.RADHAKRISHNAN NAGAR - 11",R.DEVAKUMAR,Independent,40
"DR.RADHAKRISHNAN NAGAR - 11",D.PRABHU,Independent,211
"DR.RADHAKRISHNAN NAGAR - 11","G. BOTHI RAJAN",Independent,54
"DR.RADHAKRISHNAN NAGAR - 11",MANIKANDAN.H,Independent,47
"DR.RADHAKRISHNAN NAGAR - 11","G. MADHAN KUMAR",Independent,17
"DR.RADHAKRISHNAN NAGAR - 11","V. MADHAN MOHAN",Independent,35
"DR.RADHAKRISHNAN NAGAR - 11","P. MARIMUTHU",Independent,35
"DR.RADHAKRISHNAN NAGAR - 11","R. MUTHU CHELLA BHARATHI",Independent,39
"DR.RADHAKRISHNAN NAGAR - 11","K. MURALI",Independent,91
"DR.RADHAKRISHNAN NAGAR - 11","J.MURALI KRISHNAN",Independent,47
"DR.RADHAKRISHNAN NAGAR - 11","C. RAJAMANICKAM",Independent,65
"DR.RADHAKRISHNAN NAGAR - 11",J.VIJAYAN,Independent,26
"DR.RADHAKRISHNAN NAGAR - 11",A.VIJAY,Independent,71
"DR.RADHAKRISHNAN NAGAR - 11","G. VIJAY",Independent,58
"DR.RADHAKRISHNAN NAGAR - 11",C.JANARTHANAN,Independent,42
"DR.RADHAKRISHNAN NAGAR - 11","D. JANARTHANAN",Independent,37
"DR.RADHAKRISHNAN NAGAR - 11",NOTA,"None of the Above",561
"PERAMBUR - 12","R.D. SHEKAR","Dravida Munnetra Kazhagam",66650
"PERAMBUR - 12","S. VETRI THAMIZHAN","Naam Tamilar Katchi",5114
"PERAMBUR - 12","VETRI VEL SELVAM","Bahujan Samaj Party",174
"PERAMBUR - 12","ASHLIN BELMEN .A.S","Tamilnadu Mahatma Gandhi Makkal Katchi",71
"PERAMBUR - 12","M. GEETA","Thakkam Katchi",47
"PERAMBUR - 12","DR.R. SARAVANA PERUMAL","Makkal Nalvaazhvuk Katchi",39
"PERAMBUR - 12",SIVAKUMAR.V,"Tamil Telugu National Party",30
"PERAMBUR - 12","S. SURESHKUMAR","Makkalatchi Katchi",46
"PERAMBUR - 12","J. SEBASTIN","Socialist Unity Centre Of India (COMMUNIST)",101
"PERAMBUR - 12","M. THILAGABAMA","Pattali Makkal Katchi",8561
"PERAMBUR - 12","K.M. DEVAN","Makkal Murasu Katchi",94
"PERAMBUR - 12","S. MALATHI","Veerath Thiyagi Viswanathadoss Thozhilalarkal Katchi",32
"PERAMBUR - 12","A. RAJARAM","Republican Party of India (Athawale)",256
"PERAMBUR - 12",VIJAY,"All India Jananayaka Makkal Kazhagam",216
"PERAMBUR - 12","D.V. VENUGOPAL","Tamizhaga Vaazhvurimai Katchi",98
"PERAMBUR - 12","C. JOSEPH VIJAY","Tamilaga Vettri Kazhagam",120365
"PERAMBUR - 12","AGNI AALVAR",Independent,230
"PERAMBUR - 12",AMALA.R,Independent,32
"PERAMBUR - 12",AZARUTHEEN.M,Independent,78
"PERAMBUR - 12","P. ESAKKI MUTHU",Independent,14
"PERAMBUR - 12","E. UDHAYA KUMAR",Independent,16
"PERAMBUR - 12","M. KADHIRAVAN",Independent,41
"PERAMBUR - 12","P. GUNASEKAR",Independent,18
"PERAMBUR - 12","B. SATHISH KUMAR",Independent,19
"PERAMBUR - 12",SATHISH.B,Independent,19
"PERAMBUR - 12","P. THANGAMANI",Independent,78
"PERAMBUR - 12","M. TAMILSELVAM",Independent,12
"PERAMBUR - 12","H. DHANASEKAR",Independent,28
"PERAMBUR - 12","M.I. THAHIRA BANU",Independent,33
"PERAMBUR - 12",NIVETHA,Independent,70
"PERAMBUR - 12","B. BALAJI",Independent,93
"PERAMBUR - 12","P. PONRAJ",Independent,63
"PERAMBUR - 12",BOWDHARAJ,Independent,118
"PERAMBUR - 12","DR.D. MADAN",Independent,95
"PERAMBUR - 12","DR.G. MOORTHY",Independent,53
"PERAMBUR - 12","S. MICHAEL",Independent,24
"PERAMBUR - 12","S. RAMESH",Independent,17
"PERAMBUR - 12","V. RAJI",Independent,148
"PERAMBUR - 12","S. RAJESH KUMAR",Independent,21
"PERAMBUR - 12","REEGAN PRABHU",Independent,31
"PERAMBUR - 12","G. RUTHRA KUMAR",Independent,238
"PERAMBUR - 12","VIJAY. G",Independent,90
"PERAMBUR - 12","S. VISHNU VARTHAN",Independent,13
"PERAMBUR - 12","B. VENKATESAN",Independent,26
"PERAMBUR - 12","R. JAYASEELAN",Independent,51
"PERAMBUR - 12","S. JOSEPH",Independent,77
"PERAMBUR - 12","M. JOSEPH",Independent,43
"PERAMBUR - 12",NOTA,"None of the Above",601
"KOLATHUR - 13","P. SANTHANA KRISHNAN","All India Anna Dravida Munnetra Kazhagam",18430
"KOLATHUR - 13",SUBASHINI,"Bahujan Samaj Party",236
"KOLATHUR - 13","SOUNDARA PANDIAN LUDER SETH","Naam Tamilar Katchi",5046
"KOLATHUR - 13","M. K. STALIN","Dravida Munnetra Kazhagam",74202
"KOLATHUR - 13",AATHITHYA,"Samata Party",181
"KOLATHUR - 13","E. RAAMADASAN","Makkal Nalvaazhvuk Katchi",49
"KOLATHUR - 13",OORMILA,"Tamizhaga Vaazhvurimai Katchi",105
"KOLATHUR - 13","K. ELUMALAI","Veerath Thiyagi Viswanathadoss Thozhilalarkal Katchi",24
"KOLATHUR - 13",SIVAGNANASAM,"Desiya Makkal Sakthi Katchi",26
"KOLATHUR - 13","S.Y. SYED YUSUF","Republican Party of India (Athawale)",484
"KOLATHUR - 13","V. S. BABU","Tamilaga Vettri Kazhagam",82997
"KOLATHUR - 13","ARUL DOSS. A.",Independent,55
"KOLATHUR - 13","KAJA MAIDEEN",Independent,43
"KOLATHUR - 13","V. A. SUDHAKAR",Independent,31
"KOLATHUR - 13","M. SURESH",Independent,33
"KOLATHUR - 13","J. SURIYA MUTHU",Independent,84
"KOLATHUR - 13","R. SENTHIL KUMAR",Independent,125
"KOLATHUR - 13","SELVI STEFFI. V. M",Independent,122
"KOLATHUR - 13","NANDA KUMAR",Independent,79
"KOLATHUR - 13","A. L. NARESH KUMAR",Independent,74
"KOLATHUR - 13","V. NARESH BABU",Independent,52
"KOLATHUR - 13","K. PANNEER SELVAM",Independent,50
"KOLATHUR - 13","S. BALACHANDAR",Independent,13
"KOLATHUR - 13","R. BALAJI",Independent,21
"KOLATHUR - 13","M. POORNIMA",Independent,56
"KOLATHUR - 13","R. MAHESH",Independent,64
"KOLATHUR - 13","P. MILANY",Independent,56
"KOLATHUR - 13","R. RAVIKUMAR",Independent,34
"KOLATHUR - 13","R. RAJ GURU",Independent,153
"KOLATHUR - 13","RAJA. G.",Independent,28
"KOLATHUR - 13","A. RAJI",Independent,23
"KOLATHUR - 13","M. RAJESHKUMAR",Independent,73
"KOLATHUR - 13",VIGIRDHAN,Independent,53
"KOLATHUR - 13","FARMER JAYARAMAN. S K J.",Independent,22
"KOLATHUR - 13","S. SHARAN",Independent,35
"KOLATHUR - 13",NOTA,"None of the Above",892
"VILLIVAKKAM - 14","KARTHIK MOHAN","Dravida Munnetra Kazhagam",49143
"VILLIVAKKAM - 14","ROSHINI S","Naam Tamilar Katchi",4310
"VILLIVAKKAM - 14","VIJAYAKUMAR S.R","All India Anna Dravida Munnetra Kazhagam",19338
"VILLIVAKKAM - 14","ABDUL SHABEEK A","Tamizhaga Vaazhvurimai Katchi",147
"VILLIVAKKAM - 14","AJITHKUMAR A","Thakkam Katchi",147
"VILLIVAKKAM - 14","AADHAV ARJUNA","Tamilaga Vettri Kazhagam",66445
"VILLIVAKKAM - 14","ASHOK KUMAR C.A",Independent,99
"VILLIVAKKAM - 14","ANBAZHAGAN G",Independent,33
"VILLIVAKKAM - 14","KANNAN M",Independent,58
"VILLIVAKKAM - 14","KANDASAMY S",Independent,42
"VILLIVAKKAM - 14","KARTHICK S",Independent,48
"VILLIVAKKAM - 14","KARTHICK P",Independent,71
"VILLIVAKKAM - 14","SHANMUGA D",Independent,107
"VILLIVAKKAM - 14","CHARAVANAN M.P",Independent,29
"VILLIVAKKAM - 14","SOLOMON J.R",Independent,51
"VILLIVAKKAM - 14","SUBRAMANI K",Independent,77
"VILLIVAKKAM - 14","DHAYANIDHI D",Independent,184
"VILLIVAKKAM - 14","DEVARAJAN G",Independent,62
"VILLIVAKKAM - 14","BALAMURALI G",Independent,50
"VILLIVAKKAM - 14","PURUSHOTHAMAN P",Independent,10
"VILLIVAKKAM - 14","MANIMARAN P",Independent,25
"VILLIVAKKAM - 14","MURALI R",Independent,88
"VILLIVAKKAM - 14","MURALI VINODH M",Independent,28
"VILLIVAKKAM - 14","YUVARAJ S",Independent,32
"VILLIVAKKAM - 14","RAJI M",Independent,9
"VILLIVAKKAM - 14","VIJAYAKUMAR G",Independent,46
"VILLIVAKKAM - 14","VIJAYAKUMAR D",Independent,30
"VILLIVAKKAM - 14","JAYA ZEBA C",Independent,48
"VILLIVAKKAM - 14",NOTA,"None of the Above",695
"THIRU-VI-KA-NAGAR - 15","K. S. RAVICHANDRAN","Dravida Munnetra Kazhagam",46792
"THIRU-VI-KA-NAGAR - 15","PORKODI ARMSTRONG","All India Anna Dravida Munnetra Kazhagam",23304
"THIRU-VI-KA-NAGAR - 15","JAGADESH CHANDER .M","Naam Tamilar Katchi",2658
"THIRU-VI-KA-NAGAR - 15","C. CHRISTY","All India Puratchi Thalaivar Makkal Munnettra Kazhagam",94
"THIRU-VI-KA-NAGAR - 15","A. SELVA KUMAR","Thakkam Katchi",170
"THIRU-VI-KA-NAGAR - 15","M. R. PALLAVI","Tamilaga Vettri Kazhagam",69125
"THIRU-VI-KA-NAGAR - 15","S JAYAKALPANA","Republican Party of India (Athawale)",350
"THIRU-VI-KA-NAGAR - 15","R. ANANDAN",Independent,29
"THIRU-VI-KA-NAGAR - 15","M. KANNADASAN",Independent,23
"THIRU-VI-KA-NAGAR - 15","M. KOLANJI",Independent,77
"THIRU-VI-KA-NAGAR - 15","D. SATHISH KUMAR",Independent,40
"THIRU-VI-KA-NAGAR - 15",SATHISH,Independent,21
"THIRU-VI-KA-NAGAR - 15","S. SENTHAMIZHAN",Independent,18
"THIRU-VI-KA-NAGAR - 15","G. J. DHARANIRAJ",Independent,27
"THIRU-VI-KA-NAGAR - 15","S. PARTHIBAN",Independent,45
"THIRU-VI-KA-NAGAR - 15","PRAKASH ARUNACHALAM",Independent,134
"THIRU-VI-KA-NAGAR - 15","PRASANTH. D",Independent,134
"THIRU-VI-KA-NAGAR - 15","PRAVEEN THIYAGARAJAN",Independent,70
"THIRU-VI-KA-NAGAR - 15","R. MURUGAN",Independent,32
"THIRU-VI-KA-NAGAR - 15","M. MOHAN",Independent,15
"THIRU-VI-KA-NAGAR - 15","S. RAJENDRAN",Independent,40
"THIRU-VI-KA-NAGAR - 15","M. LOKESH",Independent,127
"THIRU-VI-KA-NAGAR - 15","C. JAGAN MOHAN",Independent,51
"THIRU-VI-KA-NAGAR - 15",NOTA,"None of the Above",527
"EGMORE - 16","ABISHEK. R","All India Anna Dravida Munnetra Kazhagam",18191
"EGMORE - 16","SARANYA IMRAN","Naam Tamilar Katchi",2522
"EGMORE - 16","TAMILAN PRASANNA","Dravida Munnetra Kazhagam",43097
"EGMORE - 16","ARUN RAO. N.A","Naam Indiar Party",152
"EGMORE - 16","DR.N. GUNASEKAR","Republican Party of India (Athawale)",209
"EGMORE - 16","D. THIRUNAVUKKARASAR","Tamizhaga Vaazhvurimai Katchi",111
"EGMORE - 16","T. MAGIZHANBAN","All India Puratchi Thalaivar Makkal Munnettra Kazhagam",99
"EGMORE - 16","G.R. RAJENDRAN","National Maha Sabha Party",173
"EGMORE - 16",RAJMOHAN,"Tamilaga Vettri Kazhagam",53901
"EGMORE - 16",ARAVINDAN,Independent,65
"EGMORE - 16","R. KUMARAVEL",Independent,41
"EGMORE - 16","M. NAGARAJAN",Independent,54
"EGMORE - 16","S. PICHAMUTHU",Independent,51
"EGMORE - 16",RAJKUMAR,Independent,44
"EGMORE - 16",RAJMOHAN,Independent,92
"EGMORE - 16","S. VINOTH KUMAR",Independent,155
"EGMORE - 16","VENKATESH. K",Independent,60
"EGMORE - 16","SRIDHAR. M",Independent,26
"EGMORE - 16",NOTA,"None of the Above",695
"ROYAPURAM - 17","DR. A. SUBAIR KHAN","Dravida Munnetra Kazhagam",44842
"ROYAPURAM - 17","A. BABU MAILAN","Naam Tamilar Katchi",2947
"ROYAPURAM - 17","D. JAYAKUMAR","All India Anna Dravida Munnetra Kazhagam",18420
"ROYAPURAM - 17","M. JAYARAJKUMAR","Bahujan Samaj Party",222
"ROYAPURAM - 17","A. SATHIK KUMAR","Democratic National Allegiance",63
"ROYAPURAM - 17","M. RAJKUMAR","Tamizhaga Vaazhvurimai Katchi",83
"ROYAPURAM - 17","R. VINOTHKUMAR","Naam Indiar Party",149
"ROYAPURAM - 17","K.V. VIJAY DAMU","Tamilaga Vettri Kazhagam",59091
"ROYAPURAM - 17","T. KAVIYARASU",Independent,64
"ROYAPURAM - 17","G. KARTHIKEYAN",Independent,40
"ROYAPURAM - 17","KERTHIVARUNNAN .R",Independent,38
"ROYAPURAM - 17","A. SASIKUMAR",Independent,37
"ROYAPURAM - 17","M. SHANMUGAM",Independent,20
"ROYAPURAM - 17","K.J. SIVAKUMAR",Independent,31
"ROYAPURAM - 17","P. SUMATHI",Independent,49
"ROYAPURAM - 17","J. SELVAKUMAR",Independent,84
"ROYAPURAM - 17","M DHINAKARAN",Independent,216
"ROYAPURAM - 17","A. NIZAR AHAMED",Independent,37
"ROYAPURAM - 17","V. BHAGATH SINGH",Independent,62
"ROYAPURAM - 17","K. PRASATH",Independent,36
"ROYAPURAM - 17","M. MAHALAKSHMI",Independent,30
"ROYAPURAM - 17","S. RAJU",Independent,13
"ROYAPURAM - 17","T. RAJESH",Independent,52
"ROYAPURAM - 17","R. RAJKUMAR",Independent,99
"ROYAPURAM - 17","A. JAYAKUMAR",Independent,35
"ROYAPURAM - 17","D. JAYAKUMAR",Independent,76
"ROYAPURAM - 17","I JAYAPRAKASH",Independent,34
"ROYAPURAM - 17","C. SRIDHAR",Independent,27
"ROYAPURAM - 17",NOTA,"None of the Above",459
"HARBOUR - 18","M SURESH","Bahujan Samaj Party",232
"HARBOUR - 18","P K SEKARBABU","Dravida Munnetra Kazhagam",45254
"HARBOUR - 18","R FOUZAN SHARIFF","Naam Tamilar Katchi",1607
"HARBOUR - 18","R MANOHAR","All India Anna Dravida Munnetra Kazhagam",17256
"HARBOUR - 18","SINORA P S ASHOK","Tamilaga Vettri Kazhagam",33504
"HARBOUR - 18","SIVALINGAM ASHOK",Independent,291
"HARBOUR - 18","ASHOK KUMAR",Independent,76
"HARBOUR - 18","S GANESH",Independent,65
"HARBOUR - 18","D KABILAN",Independent,22
"HARBOUR - 18","M KALAIVENTHAN",Independent,18
"HARBOUR - 18","SANKAR A",Independent,197
"HARBOUR - 18","J SHANMUGAPRIYAN",Independent,28
"HARBOUR - 18","R DINESH",Independent,20
"HARBOUR - 18","J M NIRAIMOZHI",Independent,34
"HARBOUR - 18","A NEPOLIAN",Independent,30
"HARBOUR - 18","BABU SINGH",Independent,108
"HARBOUR - 18","K E MANOHAR",Independent,56
"HARBOUR - 18","G VISU",Independent,73
"HARBOUR - 18","I VINOD",Independent,10
"HARBOUR - 18","P VIJAYAKUMAR",Independent,46
"HARBOUR - 18","T VIJAYARAJ",Independent,53
"HARBOUR - 18","S VEERABATHRAN",Independent,16
"HARBOUR - 18","V JAGADEESAN",Independent,26
"HARBOUR - 18",NOTA,"None of the Above",600
"CHEPAUK-THIRUVALLIKENI - 19",AADIRAJARAM,"All India Anna Dravida Munnetra Kazhagam",16507
"CHEPAUK-THIRUVALLIKENI - 19",AYSHA,"Naam Tamilar Katchi",2971
"CHEPAUK-THIRUVALLIKENI - 19","UDHAYANIDHI STALIN","Dravida Munnetra Kazhagam",62992
"CHEPAUK-THIRUVALLIKENI - 19","MOHAMMED YASSER","Bahujan Samaj Party",244
"CHEPAUK-THIRUVALLIKENI - 19","IRFAN BASHA","Tamizhaga Vaazhvurimai Katchi",145
"CHEPAUK-THIRUVALLIKENI - 19","SELVAM. D","Tamilaga Vettri Kazhagam",55852
"CHEPAUK-THIRUVALLIKENI - 19","AGNI AALVAR",Independent,243
"CHEPAUK-THIRUVALLIKENI - 19",ATHIMULAM,Independent,30
"CHEPAUK-THIRUVALLIKENI - 19",AYISHA,Independent,72
"CHEPAUK-THIRUVALLIKENI - 19","ARUMUGAM. C",Independent,25
"CHEPAUK-THIRUVALLIKENI - 19","KUMAR. M",Independent,33
"CHEPAUK-THIRUVALLIKENI - 19","SAAMY. S.K. DR",Independent,40
"CHEPAUK-THIRUVALLIKENI - 19","SEENIVASAN. L",Independent,29
"CHEPAUK-THIRUVALLIKENI - 19","SELVAM. K",Independent,43
"CHEPAUK-THIRUVALLIKENI - 19","SELVAM. K",Independent,37
"CHEPAUK-THIRUVALLIKENI - 19","SYEED LAYAK BHASHA",Independent,83
"CHEPAUK-THIRUVALLIKENI - 19","BHARATHKUMAR. G",Independent,69
"CHEPAUK-THIRUVALLIKENI - 19","MILANY. P",Independent,30
"CHEPAUK-THIRUVALLIKENI - 19","MIRZA SAFDER ALI",Independent,185
"CHEPAUK-THIRUVALLIKENI - 19","MOHAMED DHARIK. I",Independent,38
"CHEPAUK-THIRUVALLIKENI - 19","MOHAMED MEERA. A",Independent,68
"CHEPAUK-THIRUVALLIKENI - 19","RAJASEKAR. S",Independent,115
"CHEPAUK-THIRUVALLIKENI - 19","RAJESHKUMAR. K",Independent,154
"CHEPAUK-THIRUVALLIKENI - 19","VIJAYA KUMAR. B",Independent,34
"CHEPAUK-THIRUVALLIKENI - 19","SELVAM ( ALIAS ) VENKATESH",Independent,26
"CHEPAUK-THIRUVALLIKENI - 19","SELVAM ( ALIAS ) HARINARAYANAN",Independent,33
"CHEPAUK-THIRUVALLIKENI - 19",NOTA,"None of the Above",643
"THOUSAND LIGHTS - 20","EZHILAN NAGANATHAN","Dravida Munnetra Kazhagam",43824
"THOUSAND LIGHTS - 20",KALANCHIYAM.MU,"Naam Tamilar Katchi",3717
"THOUSAND LIGHTS - 20",VALARMATHI.B,"All India Anna Dravida Munnetra Kazhagam",23320
"THOUSAND LIGHTS - 20",PRABHAKAR.J.C.D,"Tamilaga Vettri Kazhagam",58965
"THOUSAND LIGHTS - 20","MOHAMED GHOUSE.H","Tamizhaga Vaazhvurimai Katchi",203
"THOUSAND LIGHTS - 20",KARTHIKEYAN.S,Independent,61
"THOUSAND LIGHTS - 20",SHANKAR.V,Independent,42
"THOUSAND LIGHTS - 20",SATHYA.A,Independent,165
"THOUSAND LIGHTS - 20","SUNDARA RAJU.A",Independent,48
"THOUSAND LIGHTS - 20",DHANASEKARAN.V,Independent,23
"THOUSAND LIGHTS - 20",PACHAIYAPPAN.E,Independent,20
"THOUSAND LIGHTS - 20",PRABHAKARAN.T,Independent,36
"THOUSAND LIGHTS - 20",PRABHAKARAN.B,Independent,64
"THOUSAND LIGHTS - 20",PRABHAKARAN.V,Independent,63
"THOUSAND LIGHTS - 20",MUNIYAN.E,Independent,28
"THOUSAND LIGHTS - 20",VALARMATHI.E,Independent,245
"THOUSAND LIGHTS - 20",VALARMATHY.D,Independent,102
"THOUSAND LIGHTS - 20",VIJAY.D,Independent,83
"THOUSAND LIGHTS - 20",NOTA,"None of the Above",815
"ANNA NAGAR - 21","S.GOKULA INDIRA","All India Anna Dravida Munnetra Kazhagam",34382
"ANNA NAGAR - 21",S.SHANKAR,"Naam Tamilar Katchi",4839
"ANNA NAGAR - 21",N.CHITRARASU,"Dravida Munnetra Kazhagam",50012
"ANNA NAGAR - 21",B.ANAND,"Thakkam Katchi",127
"ANNA NAGAR - 21",S.DHAYALAN,"Thamizhaga Munnetra Congress",186
"ANNA NAGAR - 21",V.K.RAMKUMAR,"Tamilaga Vettri Kazhagam",71375
"ANNA NAGAR - 21","E.V.S.RAJAKUMAR NAIDU","Tamil Telugu National Party",134
"ANNA NAGAR - 21",N.P.RAJHA,"Naam Indiar Party",23
"ANNA NAGAR - 21","T S HABEEB MOHAMMAD",Independent,131
"ANNA NAGAR - 21","S ANSAR ALI",Independent,27
"ANNA NAGAR - 21","G OMPRAKASH",Independent,41
"ANNA NAGAR - 21","L KASINATHAN",Independent,50
"ANNA NAGAR - 21","S SATHISH KUMAR",Independent,50
"ANNA NAGAR - 21","G.SIVA KUMAR",Independent,58
"ANNA NAGAR - 21","M SELVAMUTHUKUMAR",Independent,36
"ANNA NAGAR - 21","L NARENDRAN",Independent,129
"ANNA NAGAR - 21","J NAGARAJ",Independent,126
"ANNA NAGAR - 21","M MANOHARAN",Independent,27
"ANNA NAGAR - 21","MOHAMMED BILAL FATHICK",Independent,101
"ANNA NAGAR - 21","RAMAMOORTHY E",Independent,35
"ANNA NAGAR - 21","RAJENDIRAN NAIDU",Independent,70
"ANNA NAGAR - 21","S VINESH KUMAR",Independent,289
"ANNA NAGAR - 21","JANARTHANAN P",Independent,71
"ANNA NAGAR - 21","M HARISHANKAR",Independent,57
"ANNA NAGAR - 21",NOTA,"None of the Above",963
"VIRUGAMPAKKAM - 22",SANTHOSH,"Naam Tamilar Katchi",6056
"VIRUGAMPAKKAM - 22","PRABHAKARA RAJA.A.M.V","Dravida Munnetra Kazhagam",49006
"VIRUGAMPAKKAM - 22","VIRUGAI V.N.RAVI","All India Anna Dravida Munnetra Kazhagam",38767
"VIRUGAMPAKKAM - 22",SABARINATHAN.R,"Tamilaga Vettri Kazhagam",76092
"VIRUGAMPAKKAM - 22",SURESHBABU.T.M,"Tamil Telugu National Party",155
"VIRUGAMPAKKAM - 22",BALAMURUGAN.P,"Naam Indiar Party",40
"VIRUGAMPAKKAM - 22",MUTHURAJ.T,"Tamizhaga Vaazhvurimai Katchi",101
"VIRUGAMPAKKAM - 22","ROY GEORGE","Anna Puratchi Thalaivar Amma Dravida Munnetra Kazhagam",43
"VIRUGAMPAKKAM - 22",JAGADISH.S,"Republican Party of India (Athawale)",462
"VIRUGAMPAKKAM - 22","ALEX PANDIAN.K",Independent,36
"VIRUGAMPAKKAM - 22",ESAKKIMUTHUNADAR.P,Independent,36
"VIRUGAMPAKKAM - 22",EZHILRAJ.D,Independent,52
"VIRUGAMPAKKAM - 22",KARTHICK.M,Independent,41
"VIRUGAMPAKKAM - 22",KUMAR.S,Independent,63
"VIRUGAMPAKKAM - 22",GOPINATH.G,Independent,82
"VIRUGAMPAKKAM - 22",SANKAR.E,Independent,66
"VIRUGAMPAKKAM - 22","CHANDRA SEKAR.K",Independent,88
"VIRUGAMPAKKAM - 22",SABARINATHAN.P,Independent,124
"VIRUGAMPAKKAM - 22",SRINIVASAN.M,Independent,101
"VIRUGAMPAKKAM - 22",DINESHKUMAR.N,Independent,122
"VIRUGAMPAKKAM - 22",RANGARAJ.G,Independent,91
"VIRUGAMPAKKAM - 22",RAVIKUMAR,Independent,107
"VIRUGAMPAKKAM - 22",LUKMANBABU.S,Independent,50
"VIRUGAMPAKKAM - 22",VENKATESAN.C,Independent,20
"VIRUGAMPAKKAM - 22",NOTA,"None of the Above",1030
"SAIDAPET - 23","KUMARAN. G.P","Bahujan Samaj Party",571
"SAIDAPET - 23","SUBRAMANIAN. MA","Dravida Munnetra Kazhagam",52691
"SAIDAPET - 23","SRIVIDYA. G","Naam Tamilar Katchi",5918
"SAIDAPET - 23","ARUL PRAKASAM. M","Tamilaga Vettri Kazhagam",81205
"SAIDAPET - 23","SENTHAMIZHAN. G","Amma Makkal Munnettra Kazagam",17839
"SAIDAPET - 23","SOUNDARARAJAN. N","Naam Indiar Party",132
"SAIDAPET - 23","PARTHIBAN. S","MGR Makkal Katchi",131
"SAIDAPET - 23","ANAND. S",Independent,66
"SAIDAPET - 23","KANDHASAMY. R (ALIAS) BABU",Independent,64
"SAIDAPET - 23","PRASAD. N",Independent,93
"SAIDAPET - 23","PRITHVIRAJ. A",Independent,93
"SAIDAPET - 23","YOGAPRAKASH. B",Independent,158
"SAIDAPET - 23","RAJA. R",Independent,258
"SAIDAPET - 23","VALARMATHI. P",Independent,139
"SAIDAPET - 23","GINGSTON. M",Independent,119
"SAIDAPET - 23",NOTA,"None of the Above",924
"THIYAGARAYANAGAR - 24","ANUSHA V","Naam Tamilar Katchi",4554
"THIYAGARAYANAGAR - 24","SATHIYANARAYANAN B","All India Anna Dravida Munnetra Kazhagam",38605
"THIYAGARAYANAGAR - 24","RAJA ANBAZHAGAN","Dravida Munnetra Kazhagam",37017
"THIYAGARAYANAGAR - 24","ANAND N","Tamilaga Vettri Kazhagam",51632
"THIYAGARAYANAGAR - 24","RAVI M L","Desiya Makkal Sakthi Katchi",108
"THIYAGARAYANAGAR - 24","ABUKITHER M",Independent,123
"THIYAGARAYANAGAR - 24","ARAVIND GOSH Y T",Independent,30
"THIYAGARAYANAGAR - 24","EASAN NATARAJAN T",Independent,41
"THIYAGARAYANAGAR - 24","KUMAR SRI SRI B",Independent,22
"THIYAGARAYANAGAR - 24","SATHISH KUMAR B",Independent,31
"THIYAGARAYANAGAR - 24","GNANASEKARAN G",Independent,44
"THIYAGARAYANAGAR - 24","THENNARASU P",Independent,17
"THIYAGARAYANAGAR - 24","PADMINI NARASIMHAN",Independent,124
"THIYAGARAYANAGAR - 24","BADRI S",Independent,79
"THIYAGARAYANAGAR - 24","BALAJI S",Independent,29
"THIYAGARAYANAGAR - 24","PRASATH D",Independent,45
"THIYAGARAYANAGAR - 24","MANIKANDAN T",Independent,36
"THIYAGARAYANAGAR - 24","MANIKANDAN N",Independent,79
"THIYAGARAYANAGAR - 24","MOORTHY N",Independent,64
"THIYAGARAYANAGAR - 24","MYTHILI C",Independent,86
"THIYAGARAYANAGAR - 24","RAMKUMAR L",Independent,31
"THIYAGARAYANAGAR - 24","RAMACHANDRAN O N",Independent,74
"THIYAGARAYANAGAR - 24","RAJESH E",Independent,67
"THIYAGARAYANAGAR - 24","VETRIVEL K",Independent,68
"THIYAGARAYANAGAR - 24",JAYAVEL,Independent,23
"THIYAGARAYANAGAR - 24","JOTHIRAJ G M",Independent,21
"THIYAGARAYANAGAR - 24",NOTA,"None of the Above",878
"MYLAPORE - 25","ARUN. R.L","Naam Tamilar Katchi",4499
"MYLAPORE - 25","DR. TAMILISAI SOUNDARARAJAN","Bharatiya Janata Party",32328
"MYLAPORE - 25","BALAJI. V","Bahujan Samaj Party",267
"MYLAPORE - 25","VELU. DHA","Dravida Munnetra Kazhagam",41098
"MYLAPORE - 25","DEVENDRAN. R","Tamizhaga Murpokku Makkal Katchi",145
"MYLAPORE - 25","NAGARAJAN. S","All India Jananayaka Makkal Kazhagam",88
"MYLAPORE - 25","MOORTHY. S","Thamizhaga Dravidar Katchi",120
"MYLAPORE - 25","MOHANRAJ. J","Jebamani Janata",265
"MYLAPORE - 25","VENKATARAMANAN. P","Tamilaga Vettri Kazhagam",70070
"MYLAPORE - 25","SELVAMUTHU. S",Independent,79
"MYLAPORE - 25","PARTHIPAN. G",Independent,64
"MYLAPORE - 25","RADHAKRISHNAN. G",Independent,40
"MYLAPORE - 25","ROMANRAJ. A",Independent,74
"MYLAPORE - 25","VINU PRADHA. A",Independent,109
"MYLAPORE - 25","VIJAYALAKSHMI. P",Independent,227
"MYLAPORE - 25","VIJAYA KRISHNA. V",Independent,142
"MYLAPORE - 25","VENKATARAMAN. B",Independent,107
"MYLAPORE - 25","VELU. K",Independent,50
"MYLAPORE - 25","JAYAGOPI. M",Independent,52
"MYLAPORE - 25",NOTA,"None of the Above",770
"VELACHERY - 26","AASSAN MAULAANA J.M.H","Indian National Congress",45928
"VELACHERY - 26","ASHOK. M.K","All India Anna Dravida Munnetra Kazhagam",47125
"VELACHERY - 26","KEERTHANA. M","Naam Tamilar Katchi",7697
"VELACHERY - 26","MOHANRAJ. K","Bahujan Samaj Party",239
"VELACHERY - 26","KANCHANA. R","Tamizhaga Murpokku Makkal Katchi",205
"VELACHERY - 26","KUMAR. R","Tamilaga Vettri Kazhagam",80430
"VELACHERY - 26","POYYAMOZHI. M","Proutist Sarva Samaj",130
"VELACHERY - 26","MANI. M","Veerath Thiyagi Viswanathadoss Thozhilalarkal Katchi",133
"VELACHERY - 26","MOHAMED YASEEN. I","Thakkam Katchi",51
"VELACHERY - 26","ROKESH KUMAR. V","Tamizhaga Vaazhvurimai Katchi",117
"VELACHERY - 26","ASHOK. M",Independent,88
"VELACHERY - 26","AZARUTHEEN. M",Independent,63
"VELACHERY - 26","AHAMMED NAZEER KHAN",Independent,24
"VELACHERY - 26","KANNAN. K",Independent,85
"VELACHERY - 26","KALA PETHACHI",Independent,233
"VELACHERY - 26","SARABESHWAR SISU. P",Independent,129
"VELACHERY - 26","SURESH K",Independent,137
"VELACHERY - 26","DIWAKAR. R",Independent,130
"VELACHERY - 26","DEEPAK RAVI",Independent,27
"VELACHERY - 26","BHASKAR. G",Independent,47
"VELACHERY - 26","MOHAN. R",Independent,32
"VELACHERY - 26","RADHAKRISHNAN. D.R",Independent,143
"VELACHERY - 26","RAJASEKAR. S",Independent,61
"VELACHERY - 26",RITISH,Independent,12
"VELACHERY - 26","VIGNESH. M",Independent,70
"VELACHERY - 26","VIGNESH. R",Independent,66
"VELACHERY - 26","JANAGARAJ RAVI GUNASEELAN",Independent,77
"VELACHERY - 26",NOTA,"None of the Above",1336
"SHOZHINGANALLUR - 27","S. ARAVIND RAMESH","Dravida Munnetra Kazhagam",123602
"SHOZHINGANALLUR - 27",K.P.KANDAN,"All India Anna Dravida Munnetra Kazhagam",74112
"SHOZHINGANALLUR - 27","S.PUSHNA KUMAR","Bahujan Samaj Party",524
"SHOZHINGANALLUR - 27","R JAYALAKSHMI","Naam Tamilar Katchi",21919
"SHOZHINGANALLUR - 27","M. ALEXANDAR","Naam Indiar Party",123
"SHOZHINGANALLUR - 27","M. CHRISTHU DASS","Dravida Jananayaga Makkal Katchi",484
"SHOZHINGANALLUR - 27","ECR P SARAVANAN","Tamilaga Vettri Kazhagam",220382
"SHOZHINGANALLUR - 27",M.G.RAMU,"Jebamani Janata",319
"SHOZHINGANALLUR - 27","K. VISHWANATHAN","All India Puratchi Thalaivar Makkal Munnettra Kazhagam",257
"SHOZHINGANALLUR - 27","R RAVICHANDRAN",Independent,185
"SHOZHINGANALLUR - 27","V. KANDHAN",Independent,104
"SHOZHINGANALLUR - 27","S. KARTHIK",Independent,213
"SHOZHINGANALLUR - 27",S.GOVINDHAN,Independent,150
"SHOZHINGANALLUR - 27","P.CHANDRA KANTH",Independent,115
"SHOZHINGANALLUR - 27",CHANDRASEKARAN,Independent,176
"SHOZHINGANALLUR - 27","D. SRINIVASAN",Independent,254
"SHOZHINGANALLUR - 27","G SURESH KUMAR",Independent,413
"SHOZHINGANALLUR - 27","N.PRASHANTHA RAO",Independent,526
"SHOZHINGANALLUR - 27","A.MOHAMMED GANI",Independent,101
"SHOZHINGANALLUR - 27",MUTHARASAN,Independent,65
"SHOZHINGANALLUR - 27","E. MURALI B.A",Independent,157
"SHOZHINGANALLUR - 27",R.YOGESHWARAN,Independent,115
"SHOZHINGANALLUR - 27","RAMANATHAN M",Independent,263
"SHOZHINGANALLUR - 27",RAJESH,Independent,160
"SHOZHINGANALLUR - 27","E. VIJAY",Independent,256
"SHOZHINGANALLUR - 27","FARMER JAYARAMAN S K J",Independent,115
"SHOZHINGANALLUR - 27","JAIKUMAR BALACHANDRAN",Independent,124
"SHOZHINGANALLUR - 27",NOTA,"None of the Above",2079
"ALANDUR - 28",T.M.ANBARASAN,"Dravida Munnetra Kazhagam",82596
"ALANDUR - 28",S.SARAVANAN,"All India Anna Dravida Munnetra Kazhagam",52243
"ALANDUR - 28",Y.G.MAHALAKSHMI,"Naam Tamilar Katchi",10405
"ALANDUR - 28","J.AGNI SELVARASU","Naadaalum Makkal Katchi",233
"ALANDUR - 28","ARAVIND CHANDRASEKAR","Indhu Dravida Makkal Katchi",77
"ALANDUR - 28","B. KALYANARAMKUMAR","Naam Indiar Party",60
"ALANDUR - 28",S.ROYAPPAN,"Tamizhaga Vaazhvurimai Katchi",89
"ALANDUR - 28",A.VELUSAMY,"Puthiya Tamilagam",93
"ALANDUR - 28","N.HARI KRISHNAN","All India Puratchi Thalaivar Makkal Munnettra Kazhagam",317
"ALANDUR - 28",M.HARISH,"Tamilaga Vettri Kazhagam",112205
"ALANDUR - 28",V.ANBARASAN,Independent,120
"ALANDUR - 28",A.SARAVANAN,Independent,78
"ALANDUR - 28",S.SARAVANAN,Independent,76
"ALANDUR - 28",D.SARAVANAN,Independent,50
"ALANDUR - 28",R.SARAVANAN,Independent,150
"ALANDUR - 28",R.SURESH,Independent,168
"ALANDUR - 28","SENKODI VIJAYALAKSHMI",Independent,233
"ALANDUR - 28",R.SELVAKUMAR,Independent,69
"ALANDUR - 28","G.DANIEL ANTONYRAJ",Independent,19
"ALANDUR - 28","MAHESH KUMAR",Independent,105
"ALANDUR - 28",G.RAMANAN,Independent,17
"ALANDUR - 28",K.VELAYUDHAM,Independent,51
"ALANDUR - 28",M.HARISH,Independent,853
"ALANDUR - 28",NOTA,"None of the Above",1263
"SRIPERUMBUDUR - 29","M. SINDHU EZHILARASAN","Naam Tamilar Katchi",13150
"SRIPERUMBUDUR - 29","K. SELVAPERUNTHAGAI","Indian National Congress",93365
"SRIPERUMBUDUR - 29","K. PALANI","All India Anna Dravida Munnetra Kazhagam",73182
"SRIPERUMBUDUR - 29","A. GURUANANDHAN","Anaithinthiya Anna Dravida Makkal Seyal katchi",479
"SRIPERUMBUDUR - 29",A.GNANASEKARAN,"Tamizhaga Vaazhvurimai Katchi",271
"SRIPERUMBUDUR - 29",M.TAMILARASAN,"Communist Party of India (Marxist-Leninist) (Liberation)",511
"SRIPERUMBUDUR - 29",THENNARASU.K,"Tamilaga Vettri Kazhagam",147611
"SRIPERUMBUDUR - 29",D.PURUSHOTHAMAN,"All India Puratchi Thalaivar Makkal Munnettra Kazhagam",489
"SRIPERUMBUDUR - 29","ELANGOVAN SIVAKUMAR",Independent,112
"SRIPERUMBUDUR - 29","J. NITHYA",Independent,176
"SRIPERUMBUDUR - 29","E. MURUGAN",Independent,112
"SRIPERUMBUDUR - 29","G. RAJATHI",Independent,211
"SRIPERUMBUDUR - 29","P. VEDHAGIRI",Independent,258
"SRIPERUMBUDUR - 29",NOTA,"None of the Above",1161
"PALLAVARAM - 30",DR.R.KARTHIKEYAN,"Naam Tamilar Katchi",14065
"PALLAVARAM - 30",N.BHARATHI,"Bahujan Samaj Party",562
"PALLAVARAM - 30",D.MURUGESAN,"Desiya Murpokku Dravida Kazhagam",78918
"PALLAVARAM - 30",V.VENKATESAN,"All India Anna Dravida Munnetra Kazhagam",48921
"PALLAVARAM - 30","T.AMIRTHA KANTHAN","Naam Indiar Party",349
"PALLAVARAM - 30",M.L.RAVI,"Desiya Makkal Sakthi Katchi",377
"PALLAVARAM - 30",J.KAMATCHI,"Tamilaga Vettri Kazhagam",133611
"PALLAVARAM - 30",A.THANGARAJ,"Puthiya Tamilagam",555
"PALLAVARAM - 30",G.RAMESHBABU,"Indhu Dravida Makkal Katchi",283
"PALLAVARAM - 30",S.RAHAMATHULLA,"Tamizhaga Vaazhvurimai Katchi",294
"PALLAVARAM - 30",B.RAJESWARI,"Naadaalum Makkal Katchi",443
"PALLAVARAM - 30",R.RAJKUMAR,"All India Puratchi Thalaivar Makkal Munnettra Kazhagam",231
"PALLAVARAM - 30",M.SANKAR,Independent,78
"PALLAVARAM - 30",S.SATHIYARAJ,Independent,235
"PALLAVARAM - 30",M.SIVAKUMAR,Independent,322
"PALLAVARAM - 30","S.SUNDARAMOORTHY PANDIYAR",Independent,180
"PALLAVARAM - 30",R.MUTHUKUMAR,Independent,298
"PALLAVARAM - 30",P.RAVICHANDRAN,Independent,103
"PALLAVARAM - 30",N.RAMKUMAR,Independent,429
"PALLAVARAM - 30","RAJESH T R",Independent,1277
"PALLAVARAM - 30","S.VETRI VEL",Independent,99
"PALLAVARAM - 30",R.JAWAHAR,Independent,233
"PALLAVARAM - 30","G.JOHN PANDIAN",Independent,212
"PALLAVARAM - 30",NOTA,"None of the Above",1602
"TAMBARAM - 31",C.RAJENDRAN,"All India Anna Dravida Munnetra Kazhagam",61991
"TAMBARAM - 31","R.S.KIRUTHIKA DEVI","Dravida Munnetra Kazhagam",83346
"TAMBARAM - 31",S.TAMILCHELVI,"Naam Tamilar Katchi",11627
"TAMBARAM - 31",M.RAJA,"Bahujan Samaj Party",290
"TAMBARAM - 31",D.SARATHKUMAR,"Tamilaga Vettri Kazhagam",118967
"TAMBARAM - 31",SIVARAMAN.S,"Veerath Thiyagi Viswanathadoss Thozhilalarkal Katchi",158
"TAMBARAM - 31",THAMBIRAJ.E,"Naam Indiar Party",69
"TAMBARAM - 31",S.PARTHIBAN,"Democratic National Allegiance",50
"TAMBARAM - 31","P.PON RAJA","Tamizhaga Vaazhvurimai Katchi",88
"TAMBARAM - 31",S.KARTHIK,Independent,115
"TAMBARAM - 31","SARATHKUMAR. R",Independent,162
"TAMBARAM - 31",T.DHIVAKARAN,Independent,98
"TAMBARAM - 31",S.BALASUBRAMANIAN,Independent,62
"TAMBARAM - 31",R.RAVIKUMAR,Independent,94
"TAMBARAM - 31","M. JACOB",Independent,180
"TAMBARAM - 31",NOTA,"None of the Above",1512
"CHENGALPATTU - 32",AMUTHA.N,"Naam Tamilar Katchi",12032
"CHENGALPATTU - 32",M.GAJENDRAN,"All India Anna Dravida Munnetra Kazhagam",69763
"CHENGALPATTU - 32",KARTHIKDHANDAPANI,"Dravida Munnetra Kazhagam",101495
"CHENGALPATTU - 32","S. SARAVANAN","Bahujan Samaj Party",374
"CHENGALPATTU - 32","S.SELVAM (A) CHELLA","Tamizhaga Vaazhvurimai Katchi",381
"CHENGALPATTU - 32","S. THIYAGARAJAN","Tamilaga Vettri Kazhagam",137136
"CHENGALPATTU - 32",M.ANANDAN,Independent,299
"CHENGALPATTU - 32",A.ESAKKIAPPAN,Independent,122
"CHENGALPATTU - 32",KARTHICK.A,Independent,107
"CHENGALPATTU - 32","G. CHRISTOPHER",Independent,68
"CHENGALPATTU - 32","S.DELHI BABU",Independent,127
"CHENGALPATTU - 32","T. PREM BALAJI",Independent,71
"CHENGALPATTU - 32","V. RAMAKRISHNAN",Independent,166
"CHENGALPATTU - 32",C.VIMALRAJ,Independent,290
"CHENGALPATTU - 32","P.GEORGE DEVADOSS",Independent,184
"CHENGALPATTU - 32",NOTA,"None of the Above",1395
"THIRUPORUR - 33","AMBETH RAJAN","Naam Tamilar Katchi",9616
"THIRUPORUR - 33","R. PANNEERDOSS","Viduthalai Chiruthaigal Katchi",70744
"THIRUPORUR - 33","Dr.D.VINOTH KUMAR","Bahujan Samaj Party",535
"THIRUPORUR - 33",A.SELVARAJ,"Mannin Maithargal Kazhagam",524
"THIRUPORUR - 33","V. DESAPPAN","Samata Party",308
"THIRUPORUR - 33","K. BALU","Pattali Makkal Katchi",67392
"THIRUPORUR - 33",B.VIJAYARAJ,"Tamilaga Vettri Kazhagam",110095
"THIRUPORUR - 33","V M CHANDIRAN",Independent,326
"THIRUPORUR - 33","S. GNANASEKARAN",Independent,205
"THIRUPORUR - 33","D. PANNEERSELVAM",Independent,784
"THIRUPORUR - 33","S. MESHAK",Independent,632
"THIRUPORUR - 33",NOTA,"None of the Above",1248
"CHEYYUR - 34","SINTHANAI SELVAN","Viduthalai Chiruthaigal Katchi",57909
"CHEYYUR - 34","SWATHILAKSHMI SEKAR","Naam Tamilar Katchi",4853
"CHEYYUR - 34","RAJASEKAR. E","All India Anna Dravida Munnetra Kazhagam",63809
"CHEYYUR - 34","GANGADURAI. K","Tamizhaga Vaazhvurimai Katchi",375
"CHEYYUR - 34","MURUGAVEL. A","All India Puratchi Thalaivar Makkal Munnettra Kazhagam",408
"CHEYYUR - 34","MOHAN RAJA.M.G.K","Tamilaga Vettri Kazhagam",58141
"CHEYYUR - 34","AMBETHKAR. S",Independent,319
"CHEYYUR - 34","ARUN. C",Independent,79
"CHEYYUR - 34","EZHIL. E",Independent,135
"CHEYYUR - 34","KRISHNAKANTH. E",Independent,103
"CHEYYUR - 34","GOPIKRISHNA. D",Independent,168
"CHEYYUR - 34","RAJA. K",Independent,345
"CHEYYUR - 34","JEGAN. M",Independent,157
"CHEYYUR - 34",NOTA,"None of the Above",783
"MADURANTAKAM - 35","S.AMULU PONMALAR","Dravida Munnetra Kazhagam",59838
"MADURANTAKAM - 35","MARAGATHAM KUMARAVEL.K","All India Anna Dravida Munnetra Kazhagam",69284
"MADURANTAKAM - 35","NEELAM E.RAMKUMAR","Bahujan Samaj Party",374
"MADURANTAKAM - 35",G.JANAKIRAMAN,"Naam Tamilar Katchi",4950
"MADURANTAKAM - 35","EZHIL KATHARINE EZHILMALAI","Tamilaga Vettri Kazhagam",62090
"MADURANTAKAM - 35",R.SUGAN,"All India Puratchi Thalaivar Makkal Munnettra Kazhagam",237
"MADURANTAKAM - 35",S.PUNNIYAKOTTI,"Tamizhaga Vaazhvurimai Katchi",206
"MADURANTAKAM - 35",M.KADIRVEL,Independent,118
"MADURANTAKAM - 35",RANJITHAM.M,Independent,357
"MADURANTAKAM - 35",NOTA,"None of the Above",797
"UTHIRAMERUR - 36",SUNDAR.K,"Dravida Munnetra Kazhagam",70694
"UTHIRAMERUR - 36","MARAM MASILAMANI.B.S","Naam Tamilar Katchi",5783
"UTHIRAMERUR - 36",SIVAKUMAR.A,"Desiya Makkal Sakthi Katchi",342
"UTHIRAMERUR - 36",MAGESHKUMAR.P,"Pattali Makkal Katchi",62809
"UTHIRAMERUR - 36",MUNIRATHINAM.J,"Tamilaga Vettri Kazhagam",84917
"UTHIRAMERUR - 36",JAKIRUSAN.D,"Tamizhaga Vaazhvurimai Katchi",235
"UTHIRAMERUR - 36",ANBU.V,Independent,221
"UTHIRAMERUR - 36",KAMALAKANNAN.K,Independent,70
"UTHIRAMERUR - 36",GUNASEKAR.V,Independent,125
"UTHIRAMERUR - 36",CITTIBABU.R,Independent,95
"UTHIRAMERUR - 36",DEVARAJAN.C,Independent,551
"UTHIRAMERUR - 36",DEVENTHIRAMOORTHY.S,Independent,390
"UTHIRAMERUR - 36","MAGESH KUMAR.T",Independent,207
"UTHIRAMERUR - 36",MAHESWARI.J,Independent,212
"UTHIRAMERUR - 36",NOTA,"None of the Above",1114
"KANCHEEPURAM - 37","V. SOMASUNDARAM","All India Anna Dravida Munnetra Kazhagam",75862
"KANCHEEPURAM - 37","NITHYA SUGUMAR","Dravida Munnetra Kazhagam",69344
"KANCHEEPURAM - 37",VETRISELVI,"Naam Tamilar Katchi",6950
"KANCHEEPURAM - 37","R.V. RANJITHKUMAR","Tamilaga Vettri Kazhagam",91350
"KANCHEEPURAM - 37","M. NANDHAKUMAR","Anti Corruption Dynamic Party",217
"KANCHEEPURAM - 37","V. NARESH","Tamizhaga Vaazhvurimai Katchi",178
"KANCHEEPURAM - 37","P. VENKATESAN","All India Puratchi Thalaivar Makkal Munnettra Kazhagam",110
"KANCHEEPURAM - 37","M. SOMASUNDARAM",Independent,68
"KANCHEEPURAM - 37","V. SOMASUNDARAM",Independent,78
"KANCHEEPURAM - 37",GNANAMOORTHY,Independent,74
"KANCHEEPURAM - 37","C. DILLIBABU",Independent,42
"KANCHEEPURAM - 37","E. DHAKSHNAMOORTHY",Independent,178
"KANCHEEPURAM - 37","G. BABU",Independent,364
"KANCHEEPURAM - 37","M. BALAJI",Independent,138
"KANCHEEPURAM - 37","M. MEGANATHAN",Independent,286
"KANCHEEPURAM - 37",NOTA,"None of the Above",1078
"ARAKKONAM - 38","EZHIL CAROLINE","Viduthalai Chiruthaigal Katchi",50655
"ARAKKONAM - 38","P. SUDHAKAR","Bahujan Samaj Party",451
"ARAKKONAM - 38","S. RAVI","All India Anna Dravida Munnetra Kazhagam",50052
"ARAKKONAM - 38","K. RAJKUMAR","Naam Tamilar Katchi",5191
"ARAKKONAM - 38","V. GANDHIRAJ","Tamilaga Vettri Kazhagam",73776
"ARAKKONAM - 38","N. LAKSHMIPATHY","Tamizhaga Vaazhvurimai Katchi",229
"ARAKKONAM - 38","VETRIVEL. M","Aanaithinthiya Jananayaka Pathukappu Kazhagam",251
"ARAKKONAM - 38","P. GOVINDARAJ",Independent,70
"ARAKKONAM - 38","M. SANTHANAM",Independent,150
"ARAKKONAM - 38","N. PRAVEENKUMAR",Independent,238
"ARAKKONAM - 38","M. MANIKANDAN",Independent,75
"ARAKKONAM - 38","T. MURALIDHARAN",Independent,197
"ARAKKONAM - 38","G. MOHAN",Independent,106
"ARAKKONAM - 38",NOTA,"None of the Above",899
"SHOLINGUR - 39","A.ASHOK KUMAR","Naam Tamilar Katchi",6468
"SHOLINGUR - 39",M.GIRIDHARAN,"Bahujan Samaj Party",378
"SHOLINGUR - 39",A.M.MUNIRATHINAM,"Indian National Congress",57997
"SHOLINGUR - 39",G.KAPIL,"Tamilaga Vettri Kazhagam",84506
"SHOLINGUR - 39",K.SARAVANAN,"Pattali Makkal Katchi",78820
"SHOLINGUR - 39",SUDHAKAR.K,"Tamizhaga Vaazhvurimai Katchi",490
"SHOLINGUR - 39",S.SENTHILKUMAR,"Vanchit Bahujan Aaghadi",197
"SHOLINGUR - 39",R.VINOTH,"Veerath Thiyagi Viswanathadoss Thozhilalarkal Katchi",133
"SHOLINGUR - 39",A.ANANDAN,Independent,133
"SHOLINGUR - 39",S.ILAYARAJA,Independent,124
"SHOLINGUR - 39",KAVIYARASAN.SUBIRAMANI,Independent,249
"SHOLINGUR - 39",N.GOPALAKRISHNAN,Independent,310
"SHOLINGUR - 39",V.SADHASIVAM,Independent,234
"SHOLINGUR - 39",SANTHANAM.R,Independent,277
"SHOLINGUR - 39",R.SETHUPATHI,Independent,103
"SHOLINGUR - 39",M.DINESH,Independent,349
"SHOLINGUR - 39",A.PALANI,Independent,183
"SHOLINGUR - 39",N.MANI,Independent,284
"SHOLINGUR - 39",K.MUNISAMY,Independent,532
"SHOLINGUR - 39",V.MUNIRATHINAM,Independent,345
"SHOLINGUR - 39",T.RAJENDRAN,Independent,316
"SHOLINGUR - 39",M.VIJAYAN,Independent,548
"SHOLINGUR - 39",V.HEMACHANDIRAN,Independent,136
"SHOLINGUR - 39",NOTA,"None of the Above",572
"KATPADI - 40","S. THIRUKKUMARAN","Naam Tamilar Katchi",4625
"KATPADI - 40",DURAIMURUGAN,"Dravida Munnetra Kazhagam",62225
"KATPADI - 40","J. RAMESH","Bahujan Samaj Party",407
"KATPADI - 40","V. RAMU","All India Anna Dravida Munnetra Kazhagam",63998
"KATPADI - 40","INDU .W","Tamil Manila Murpokku Dravida Kazhagam",319
"KATPADI - 40","GANESAN .P","Indhu Dravida Makkal Katchi",79
"KATPADI - 40","V. CHANDRAN","All India Puratchi Thalaivar Makkal Munnettra Kazhagam",187
"KATPADI - 40","DR M SUDHAKAR","Tamilaga Vettri Kazhagam",69868
"KATPADI - 40","S. BALAJI","Tamil Nadu Ilangyar Katchi",140
"KATPADI - 40","S. RAMAN",Independent,45
"KATPADI - 40","SARAVANAN .D",Independent,54
"KATPADI - 40","M. SUTHAKAR",Independent,145
"KATPADI - 40",DHANASEKAR,Independent,122
"KATPADI - 40",DHANANCHEZHIYAN,Independent,215
"KATPADI - 40","D. RAMU",Independent,323
"KATPADI - 40",NOTA,"None of the Above",745
"RANIPET - 41","R. GANDHI","Dravida Munnetra Kazhagam",85362
"RANIPET - 41","V.M. KARTHIKEYAN","Bharatiya Janata Party",32060
"RANIPET - 41","THAARIKHA SALMAN","Naam Tamilar Katchi",7236
"RANIPET - 41",J.JENIFERJANET,"Bahujan Samaj Party",620
"RANIPET - 41",THAHIRA,"Tamilaga Vettri Kazhagam",91149
"RANIPET - 41",S.MUNISAMY,"Anti Corruption Dynamic Party",229
"RANIPET - 41",N.VISWANATHAN,"Tamizhaga Vaazhvurimai Katchi",370
"RANIPET - 41","J. HASSAIN",Independent,517
"RANIPET - 41","K. SAKTHIVEL NATHAN",Independent,533
"RANIPET - 41","N. SUGUMAR",Independent,94
"RANIPET - 41","V. SURESH",Independent,166
"RANIPET - 41","V. DHARMENDIRAN",Independent,356
"RANIPET - 41","A. NARESHKUMAR",Independent,754
"RANIPET - 41","J. MOHAN",Independent,155
"RANIPET - 41",S.JAYAPRAKASH,Independent,228
"RANIPET - 41",NOTA,"None of the Above",1209
"ARCOT - 42","ARCHANA NARASIMMAN","Naam Tamilar Katchi",5518
"ARCOT - 42",J.L.ESWARAPPAN,"Dravida Munnetra Kazhagam",48840
"ARCOT - 42",S.M.SUKUMAR,"All India Anna Dravida Munnetra Kazhagam",105608
"ARCOT - 42",M.VASANTHAKUMAR,"Bahujan Samaj Party",468
"ARCOT - 42",V.GANDHI,"Vanchit Bahujan Aaghadi",197
"ARCOT - 42",S.P.SHANMUGAM,"Aanaithinthiya Jananayaka Pathukappu Kazhagam",252
"ARCOT - 42",V.SEETHARAMAN,"Anti Corruption Dynamic Party",168
"ARCOT - 42","G.VIJAY MOHAN","Tamilaga Vettri Kazhagam",62888
"ARCOT - 42",P.VENKATESAN,"Tamizhaga Vaazhvurimai Katchi",151
"ARCOT - 42",R.INDHUMATHI,Independent,58
"ARCOT - 42",ESWARAPPAN.M,Independent,103
"ARCOT - 42",V.SHANTHI,Independent,113
"ARCOT - 42",K.MANIKANDAN,Independent,397
"ARCOT - 42",A.VIJAY,Independent,369
"ARCOT - 42",NOTA,"None of the Above",656
"VELLORE - 43","S R K APPU","All India Anna Dravida Munnetra Kazhagam",45458
"VELLORE - 43",P.KARTHIKEYAN,"Dravida Munnetra Kazhagam",66255
"VELLORE - 43",A.SONIYA,"Naam Tamilar Katchi",3793
"VELLORE - 43",S.M.IRSHAD,"Tamizhaga Vaazhvurimai Katchi",135
"VELLORE - 43","S.GIRIDHARA PRASAD","Party for the Rights of Other backward Classes",103
"VELLORE - 43",K.MUNIYAPPAN,"ALL PENSIONER'S PARTY",55
"VELLORE - 43",K.M.VINAAYAGAM,"Viro Ke Vir Indian Party",88
"VELLORE - 43",K.VIMALA,"Naam Indiar Party",195
"VELLORE - 43","M.M.VINOTH KANNAN","Tamilaga Vettri Kazhagam",73032
"VELLORE - 43",M.VINOTHKUMAR,"Anna MGR Dravida Makkal Kalgam",131
"VELLORE - 43",S.APPU,Independent,103
"VELLORE - 43","S.MADHAN KUMAR",Independent,123
